timestamp_utc,row_index,total_rows,patent_id,source_pdf,parse_status,parse_error,used_ocr,text_length
2026-05-11T08:54:27.660294+00:00,1,500,CN121039837A,CN121039837A.pdf,success,,False,41119
2026-05-11T08:54:27.700335+00:00,2,500,CN120051873A,CN120051873A.pdf,success,,False,21553
2026-05-11T08:54:27.746985+00:00,3,500,CN121909533A,CN121909533A.pdf,success,,False,20152
2026-05-11T08:54:27.791459+00:00,4,500,CN121816644A,CN121816644A.pdf,success,,False,21542
2026-05-11T08:56:10.127937+00:00,5,500,CN105449182B,CN105449182B.pdf,success_ocr,,True,19739
2026-05-11T08:57:37.600512+00:00,6,500,CN105449182A,CN105449182A.pdf,success_ocr,,True,19138
2026-05-11T08:57:37.629222+00:00,7,500,CN108461679A,CN108461679A.pdf,success,,False,8937
2026-05-11T08:57:37.657379+00:00,8,500,CN119994177A,CN119994177A.pdf,success,,False,10480
2026-05-11T08:57:37.711090+00:00,9,500,CN110885650B,CN110885650B.pdf,success,,False,36100
2026-05-11T08:57:37.757564+00:00,10,500,CN110885650A,CN110885650A.pdf,success,,False,35380
2026-05-11T08:57:37.782504+00:00,11,500,CN110767908B,CN110767908B.pdf,success,,False,13326
2026-05-11T08:57:37.836343+00:00,12,500,CN113381019B,CN113381019B.pdf,success,,False,35186
2026-05-11T08:58:33.129032+00:00,13,500,CN103779572A,CN103779572A.pdf,success_ocr,,True,12181
2026-05-11T08:59:25.727468+00:00,14,500,CN103779572B,CN103779572B.pdf,success_ocr,,True,12235
2026-05-11T08:59:25.756752+00:00,15,500,CN110504411A,CN110504411A.pdf,success,,False,14512
2026-05-11T09:00:01.742377+00:00,16,500,CN102610804A,CN102610804A.pdf,success_ocr,,True,8376
2026-05-11T09:00:01.778268+00:00,17,500,CN117080439A,CN117080439A.pdf,success,,False,7705
2026-05-11T09:00:01.809618+00:00,18,500,CN110767908A,CN110767908A.pdf,success,,False,12996
2026-05-11T09:00:01.832001+00:00,19,500,CN221009167U,CN221009167U.pdf,success,,False,7673
2026-05-11T09:00:01.853126+00:00,20,500,CN221009166U,CN221009166U.pdf,success,,False,8103
2026-05-11T09:00:01.909364+00:00,21,500,CN111009662B,CN111009662B.pdf,success,,False,35283
2026-05-11T09:00:01.948361+00:00,22,500,CN108172823B,CN108172823B.pdf,success,,False,25946
2026-05-11T09:00:01.967635+00:00,23,500,CN112563508A,CN112563508A.pdf,success,,False,7740
2026-05-11T09:00:01.987629+00:00,24,500,CN112437992A,CN112437992A.pdf,success,,False,8587
2026-05-11T09:00:38.751629+00:00,25,500,CN105914394A,CN105914394A.pdf,success_ocr,,True,8345
2026-05-11T09:00:38.814749+00:00,26,500,CN113381019A,CN113381019A.pdf,success,,False,34842
2026-05-11T09:00:38.840994+00:00,27,500,CN110783546A,CN110783546A.pdf,success,,False,15159
2026-05-11T09:00:38.880434+00:00,28,500,CN121307035A,CN121307035A.pdf,success,,False,18687
2026-05-11T09:02:51.956479+00:00,29,500,CN106848191A,CN106848191A.pdf,success_ocr,,True,38071
2026-05-11T09:04:43.962205+00:00,30,500,CN106410171A,CN106410171A.pdf,success_ocr,,True,33225
2026-05-11T09:04:44.029521+00:00,31,500,CN112421034A,CN112421034A.pdf,success,,False,32669
2026-05-11T09:04:44.079229+00:00,32,500,CN111009662A,CN111009662A.pdf,success,,False,34654
2026-05-11T09:06:27.866753+00:00,33,500,CN106450242A,CN106450242A.pdf,success_ocr,,True,30382
2026-05-11T09:08:14.863221+00:00,34,500,CN106505205A,CN106505205A.pdf,success_ocr,,True,33618
2026-05-11T09:08:14.899280+00:00,35,500,CN110890542B,CN110890542B.pdf,success,,False,10101
2026-05-11T09:09:13.365069+00:00,36,500,CN105161760A,CN105161760A.pdf,success_ocr,,True,13102
2026-05-11T09:09:13.387773+00:00,37,500,CN105914394B,CN105914394B.pdf,success,,False,8456
2026-05-11T09:09:13.415669+00:00,38,500,CN105161760B,CN105161760B.pdf,success,,False,11852
2026-05-11T09:09:13.459716+00:00,39,500,CN113471433A,CN113471433A.pdf,success,,False,32196
2026-05-11T09:09:13.512048+00:00,40,500,CN113471433B,CN113471433B.pdf,success,,False,32692
2026-05-11T09:09:13.538760+00:00,41,500,CN106099115B,CN106099115B.pdf,success,,False,9995
2026-05-11T09:09:13.581217+00:00,42,500,CN112447973A,CN112447973A.pdf,success,,False,33061
2026-05-11T09:09:13.636056+00:00,43,500,CN112421034B,CN112421034B.pdf,success,,False,32832
2026-05-11T09:09:13.656938+00:00,44,500,CN108258327A,CN108258327A.pdf,success,,False,9340
2026-05-11T09:09:13.689837+00:00,45,500,CN118970056A,CN118970056A.pdf,success,,False,13885
2026-05-11T09:09:13.709269+00:00,46,500,CN110890542A,CN110890542A.pdf,success,,False,9793
2026-05-11T09:09:13.730201+00:00,47,500,CN111211302B,CN111211302B.pdf,success,,False,8136
2026-05-11T09:09:13.756418+00:00,48,500,CN109888234A,CN109888234A.pdf,success,,False,13315
2026-05-11T09:09:13.793775+00:00,49,500,CN108172823A,CN108172823A.pdf,success,,False,24948
2026-05-11T09:09:54.699490+00:00,50,500,CN106099115A,CN106099115A.pdf,success_ocr,,True,9736
2026-05-11T09:09:54.765437+00:00,51,500,CN112447973B,CN112447973B.pdf,success,,False,33047
2026-05-11T09:09:54.788112+00:00,52,500,CN107146911A,CN107146911A.pdf,success,,False,11401
2026-05-11T09:10:35.686782+00:00,53,500,CN103633288A,CN103633288A.pdf,success_ocr,,True,10471
2026-05-11T09:10:35.712039+00:00,54,500,CN207938691U,CN207938691U.pdf,success,,False,9894
2026-05-11T09:10:35.733019+00:00,55,500,CN112437992B,CN112437992B.pdf,success,,False,8795
2026-05-11T09:11:03.791906+00:00,56,500,CN104466254A,CN104466254A.pdf,success_ocr,,True,6292
2026-05-11T09:11:03.815575+00:00,57,500,CN107482173A,CN107482173A.pdf,success,,False,7435
2026-05-11T09:11:03.856119+00:00,58,500,CN111933902A,CN111933902A.pdf,success,,False,18191
2026-05-11T09:11:03.911644+00:00,59,500,CN105993088B,CN105993088B.pdf,success,,False,38692
2026-05-11T09:11:52.589395+00:00,60,500,CN105304859A,CN105304859A.pdf,success_ocr,,True,12346
2026-05-11T09:11:52.635038+00:00,61,500,CN117276806A,CN117276806A.pdf,success,,False,8109
2026-05-11T09:11:52.660521+00:00,62,500,CN111211328A,CN111211328A.pdf,success,,False,9285
2026-05-11T09:11:52.685396+00:00,63,500,CN108470911A,CN108470911A.pdf,success,,False,13297
2026-05-11T09:11:52.707260+00:00,64,500,CN221282297U,CN221282297U.pdf,success,,False,12329
2026-05-11T09:11:52.739192+00:00,65,500,CN111933902B,CN111933902B.pdf,success,,False,18642
2026-05-11T09:11:52.765283+00:00,66,500,CN109888284B,CN109888284B.pdf,success,,False,11928
2026-05-11T09:11:52.790677+00:00,67,500,CN109888234B,CN109888234B.pdf,success,,False,13488
2026-05-11T09:11:52.818782+00:00,68,500,CN111354904A,CN111354904A.pdf,success,,False,17914
2026-05-11T09:11:52.839359+00:00,69,500,CN114920929A,CN114920929A.pdf,success,,False,9222
2026-05-11T09:12:25.860910+00:00,70,500,CN103165897A,CN103165897A.pdf,success_ocr,,True,7680
2026-05-11T09:14:35.094630+00:00,71,500,CN105993088A,CN105993088A.pdf,success_ocr,,True,35749
2026-05-11T09:14:35.118036+00:00,72,500,CN111211302A,CN111211302A.pdf,success,,False,8158
2026-05-11T09:14:35.148988+00:00,73,500,CN108281660A,CN108281660A.pdf,success,,False,9861
2026-05-11T09:15:22.533674+00:00,74,500,CN103682295A,CN103682295A.pdf,success_ocr,,True,14704
2026-05-11T09:15:22.562085+00:00,75,500,CN111211351A,CN111211351A.pdf,success,,False,8627
2026-05-11T09:15:22.585416+00:00,76,500,CN108615828A,CN108615828A.pdf,success,,False,8835
2026-05-11T09:16:17.146956+00:00,77,500,CN103682295B,CN103682295B.pdf,success_ocr,,True,14812
2026-05-11T09:16:17.174043+00:00,78,500,CN105304859B,CN105304859B.pdf,success,,False,12460
2026-05-11T09:16:17.198619+00:00,79,500,CN108258246A,CN108258246A.pdf,success,,False,9894
2026-05-11T09:16:17.221161+00:00,80,500,CN108172837A,CN108172837A.pdf,success,,False,11582
2026-05-11T09:16:17.245832+00:00,81,500,CN108232112A,CN108232112A.pdf,success,,False,11040
2026-05-11T09:16:17.276844+00:00,82,500,CN115244738A,CN115244738A.pdf,success,,False,17488
2026-05-11T09:16:17.300231+00:00,83,500,CN111129496A,CN111129496A.pdf,success,,False,11644
2026-05-11T09:16:17.325467+00:00,84,500,CN111129496B,CN111129496B.pdf,success,,False,11763
2026-05-11T09:16:17.347315+00:00,85,500,CN109585841A,CN109585841A.pdf,success,,False,7871
2026-05-11T09:16:17.368255+00:00,86,500,CN108155386A,CN108155386A.pdf,success,,False,11513
2026-05-11T09:16:17.386982+00:00,87,500,CN108199045A,CN108199045A.pdf,success,,False,10009
2026-05-11T09:16:17.407936+00:00,88,500,CN108063256A,CN108063256A.pdf,success,,False,10086
2026-05-11T09:16:17.430366+00:00,89,500,CN109888284A,CN109888284A.pdf,success,,False,11581
2026-05-11T09:16:17.449169+00:00,90,500,CN111129414A,CN111129414A.pdf,success,,False,9597
2026-05-11T09:16:17.470579+00:00,91,500,CN108258192A,CN108258192A.pdf,success,,False,11026
2026-05-11T09:17:45.002489+00:00,92,500,CN107004851A,CN107004851A.pdf,success_ocr,,True,23215
2026-05-11T09:18:10.822862+00:00,93,500,CN106099114A,CN106099114A.pdf,success_ocr,,True,6861
2026-05-11T09:18:10.871117+00:00,94,500,CN116425219A,CN116425219A.pdf,success,,False,19408
2026-05-11T09:18:10.911308+00:00,95,500,CN117239215A,CN117239215A.pdf,success,,False,25044
2026-05-11T09:18:43.299816+00:00,96,500,CN206516677U,CN206516677U.pdf,success_ocr,,True,8591
2026-05-11T09:18:43.328260+00:00,97,500,CN108428897A,CN108428897A.pdf,success,,False,11785
2026-05-11T09:18:43.351145+00:00,98,500,CN114242963A,CN114242963A.pdf,success,,False,6569
2026-05-11T09:18:43.381407+00:00,99,500,CN113964444B,CN113964444B.pdf,success,,False,12124
2026-05-11T09:18:43.406283+00:00,100,500,CN108281640A,CN108281640A.pdf,success,,False,15089
2026-05-11T09:18:43.432495+00:00,101,500,CN111029582A,CN111029582A.pdf,success,,False,7673
2026-05-11T09:18:43.480409+00:00,102,500,CN112531163A,CN112531163A.pdf,success,,False,30006
2026-05-11T09:18:43.537397+00:00,103,500,CN112531163B,CN112531163B.pdf,success,,False,30260
2026-05-11T09:18:43.564522+00:00,104,500,CN115020793A,CN115020793A.pdf,success,,False,9419
2026-05-11T09:18:43.594159+00:00,105,500,CN119827985A,CN119827985A.pdf,success,,False,12443
2026-05-11T09:18:43.646654+00:00,106,500,CN116425219B,CN116425219B.pdf,success,,False,19367
2026-05-11T09:19:16.055765+00:00,107,500,CN102754255A,CN102754255A.pdf,success_ocr,,True,8492
2026-05-11T09:19:46.620209+00:00,108,500,CN102754255B,CN102754255B.pdf,success_ocr,,True,8853
2026-05-11T09:19:46.658544+00:00,109,500,CN108305987A,CN108305987A.pdf,success,,False,16110
2026-05-11T09:19:46.691959+00:00,110,500,CN108305987B,CN108305987B.pdf,success,,False,16203
2026-05-11T09:19:46.721524+00:00,111,500,CN121759852A,CN121759852A.pdf,success,,False,12158
2026-05-11T09:19:46.748196+00:00,112,500,CN111943219B,CN111943219B.pdf,success,,False,10012
2026-05-11T09:19:46.781836+00:00,113,500,CN109553085B,CN109553085B.pdf,success,,False,16340
2026-05-11T09:19:46.815991+00:00,114,500,CN109553080B,CN109553080B.pdf,success,,False,15765
2026-05-11T09:19:46.867582+00:00,115,500,CN119284990A,CN119284990A.pdf,success,,False,25922
2026-05-11T09:20:37.903751+00:00,116,500,CN104752706A,CN104752706A.pdf,success_ocr,,True,14299
2026-05-11T09:21:26.935978+00:00,117,500,CN104752706B,CN104752706B.pdf,success_ocr,,True,14458
2026-05-11T09:21:26.965096+00:00,118,500,CN111211352A,CN111211352A.pdf,success,,False,9404
2026-05-11T09:21:26.999055+00:00,119,500,CN113964444A,CN113964444A.pdf,success,,False,11881
2026-05-11T09:21:54.646726+00:00,120,500,CN103165897B,CN103165897B.pdf,success_ocr,,True,7789
2026-05-11T09:21:54.690333+00:00,121,500,CN113764743A,CN113764743A.pdf,success,,False,7601
2026-05-11T09:21:54.717913+00:00,122,500,CN112582710A,CN112582710A.pdf,success,,False,12250
2026-05-11T09:21:54.746440+00:00,123,500,CN107471674B,CN107471674B.pdf,success,,False,17172
2026-05-11T09:21:54.789031+00:00,124,500,CN121831526A,CN121831526A.pdf,success,,False,16753
2026-05-11T09:21:54.816729+00:00,125,500,CN112582710B,CN112582710B.pdf,success,,False,12531
2026-05-11T09:21:54.852860+00:00,126,500,CN112730232A,CN112730232A.pdf,success,,False,19738
2026-05-11T09:21:54.875642+00:00,127,500,CN112521779A,CN112521779A.pdf,success,,False,10445
2026-05-11T09:21:54.893499+00:00,128,500,CN109411755A,CN109411755A.pdf,success,,False,3937
2026-05-11T09:21:54.918202+00:00,129,500,CN114127993A,CN114127993A.pdf,success,,False,11806
2026-05-11T09:21:54.953746+00:00,130,500,CN112730232B,CN112730232B.pdf,success,,False,19156
2026-05-11T09:21:54.970891+00:00,131,500,CN110247017A,CN110247017A.pdf,success,,False,6490
2026-05-11T09:21:54.994939+00:00,132,500,CN116914877A,CN116914877A.pdf,success,,False,8345
2026-05-11T09:21:55.023057+00:00,133,500,CN111943219A,CN111943219A.pdf,success,,False,9499
2026-05-11T09:21:55.046511+00:00,134,500,CN111048783A,CN111048783A.pdf,success,,False,7151
2026-05-11T09:21:55.070134+00:00,135,500,CN111048783B,CN111048783B.pdf,success,,False,7544
2026-05-11T09:21:55.102424+00:00,136,500,CN107565094A,CN107565094A.pdf,success,,False,19008
2026-05-11T09:21:55.122008+00:00,137,500,CN115508423A,CN115508423A.pdf,success,,False,7619
2026-05-11T09:21:55.151919+00:00,138,500,CN114552123B,CN114552123B.pdf,success,,False,9378
2026-05-11T09:21:55.200039+00:00,139,500,CN115832173A,CN115832173A.pdf,success,,False,32351
2026-05-11T09:21:55.252081+00:00,140,500,CN115832173B,CN115832173B.pdf,success,,False,32413
2026-05-11T09:21:55.292317+00:00,141,500,CN108281640B,CN108281640B.pdf,success,,False,15175
2026-05-11T09:21:55.317684+00:00,142,500,CN119601584A,CN119601584A.pdf,success,,False,8016
2026-05-11T09:22:35.377890+00:00,143,500,CN106935797A,CN106935797A.pdf,success_ocr,,True,11524
2026-05-11T09:22:35.450644+00:00,144,500,CN112812225A,CN112812225A.pdf,success,,False,39384
2026-05-11T09:22:35.516883+00:00,145,500,CN112812225B,CN112812225B.pdf,success,,False,39569
2026-05-11T09:22:35.574685+00:00,146,500,CN110783570B,CN110783570B.pdf,success,,False,36636
2026-05-11T09:23:03.760404+00:00,147,500,CN107919459A,CN107919459A.pdf,success_ocr,,True,8480
2026-05-11T09:23:03.796934+00:00,148,500,CN121545998A,CN121545998A.pdf,success,,False,10144
2026-05-11T09:23:03.869506+00:00,149,500,CN115023831B,CN115023831B.pdf,success,,False,46337
2026-05-11T09:23:03.899591+00:00,150,500,CN117559040A,CN117559040A.pdf,success,,False,9333
2026-05-11T09:23:03.934610+00:00,151,500,CN115621428A,CN115621428A.pdf,success,,False,15225
2026-05-11T09:23:03.964969+00:00,152,500,CN113353985B,CN113353985B.pdf,success,,False,12772
2026-05-11T09:23:04.005401+00:00,153,500,CN112448050A,CN112448050A.pdf,success,,False,16292
2026-05-11T09:23:04.038167+00:00,154,500,CN112448050B,CN112448050B.pdf,success,,False,16566
2026-05-11T09:23:37.459127+00:00,155,500,CN102790201A,CN102790201A.pdf,success_ocr,,True,7725
2026-05-11T09:23:37.498768+00:00,156,500,CN114920929B,CN114920929B.pdf,success,,False,9911
2026-05-11T09:24:10.558347+00:00,157,500,CN106848404A,CN106848404A.pdf,success_ocr,,True,9087
2026-05-11T09:24:10.595668+00:00,158,500,CN116014135A,CN116014135A.pdf,success,,False,9011
2026-05-11T09:24:10.621101+00:00,159,500,CN106935797B,CN106935797B.pdf,success,,False,12265
2026-05-11T09:24:10.646485+00:00,160,500,CN114127993B,CN114127993B.pdf,success,,False,12050
2026-05-11T09:24:10.692419+00:00,161,500,CN109553080A,CN109553080A.pdf,success,,False,15398
2026-05-11T09:24:10.728727+00:00,162,500,CN109553085A,CN109553085A.pdf,success,,False,15911
2026-05-11T09:24:45.316554+00:00,163,500,CN102867984A,CN102867984A.pdf,success_ocr,,True,8634
2026-05-11T09:24:45.351248+00:00,164,500,CN111916661A,CN111916661A.pdf,success,,False,12766
2026-05-11T09:25:27.619505+00:00,165,500,CN102303007A,CN102303007A.pdf,success_ocr,,True,10961
2026-05-11T09:27:40.238217+00:00,166,500,CN105849942A,CN105849942A.pdf,success_ocr,,True,35219
2026-05-11T09:27:40.281288+00:00,167,500,CN121215918A,CN121215918A.pdf,success,,False,10580
2026-05-11T09:28:08.843906+00:00,168,500,CN102684240A,CN102684240A.pdf,success_ocr,,True,7132
2026-05-11T09:28:08.876112+00:00,169,500,CN116031386A,CN116031386A.pdf,success,,False,8683
2026-05-11T09:28:08.940473+00:00,170,500,CN115023831A,CN115023831A.pdf,success,,False,45319
2026-05-11T09:28:08.969225+00:00,171,500,CN114552123A,CN114552123A.pdf,success,,False,8721
2026-05-11T09:28:08.992435+00:00,172,500,CN117438579A,CN117438579A.pdf,success,,False,6838
2026-05-11T09:28:09.019929+00:00,173,500,CN116911486A,CN116911486A.pdf,success,,False,11057
2026-05-11T09:28:29.911033+00:00,174,500,CN104269504A,CN104269504A.pdf,success_ocr,,True,4155
2026-05-11T09:28:29.945506+00:00,175,500,CN113429433A,CN113429433A.pdf,success,,False,8188
2026-05-11T09:29:02.573109+00:00,176,500,CN102790201B,CN102790201B.pdf,success_ocr,,True,7680
2026-05-11T09:29:02.612649+00:00,177,500,CN109585922A,CN109585922A.pdf,success,,False,14985
2026-05-11T09:29:26.179474+00:00,178,500,CN203760525U,CN203760525U.pdf,success_ocr,,True,5747
2026-05-11T09:29:26.222216+00:00,179,500,CN111710871A,CN111710871A.pdf,success,,False,17904
2026-05-11T09:29:26.257899+00:00,180,500,CN107471674A,CN107471674A.pdf,success,,False,16679
2026-05-11T09:29:26.294249+00:00,181,500,CN117559041A,CN117559041A.pdf,success,,False,10457
2026-05-11T09:29:26.319738+00:00,182,500,CN109599591A,CN109599591A.pdf,success,,False,11973
2026-05-11T09:29:26.350033+00:00,183,500,CN117559040B,CN117559040B.pdf,success,,False,10526
2026-05-11T09:29:26.383925+00:00,184,500,CN113353985A,CN113353985A.pdf,success,,False,12730
2026-05-11T09:29:26.415313+00:00,185,500,CN115148964A,CN115148964A.pdf,success,,False,16426
2026-05-11T09:29:26.445956+00:00,186,500,CN117374514A,CN117374514A.pdf,success,,False,9327
2026-05-11T09:29:26.502771+00:00,187,500,CN105849942B,CN105849942B.pdf,success,,False,36126
2026-05-11T09:29:26.525813+00:00,188,500,CN114514436A,CN114514436A.pdf,success,,False,8438
2026-05-11T09:29:26.549714+00:00,189,500,CN114514436B,CN114514436B.pdf,success,,False,8563
2026-05-11T09:29:26.612068+00:00,190,500,CN108574101B,CN108574101B.pdf,success,,False,42496
2026-05-11T09:29:26.646519+00:00,191,500,CN115763979A,CN115763979A.pdf,success,,False,15571
2026-05-11T09:29:55.358198+00:00,192,500,CN104282883A,CN104282883A.pdf,success_ocr,,True,8163
2026-05-11T09:29:55.388193+00:00,193,500,CN108807825A,CN108807825A.pdf,success,,False,10293
2026-05-11T09:29:55.410936+00:00,194,500,CN109167013A,CN109167013A.pdf,success,,False,10167
2026-05-11T09:29:55.441146+00:00,195,500,CN109167004A,CN109167004A.pdf,success,,False,10203
2026-05-11T09:29:55.466306+00:00,196,500,CN108807825B,CN108807825B.pdf,success,,False,10327
2026-05-11T09:29:55.490624+00:00,197,500,CN114361715A,CN114361715A.pdf,success,,False,10412
2026-05-11T09:30:29.903407+00:00,198,500,CN102931378A,CN102931378A.pdf,success_ocr,,True,9491
2026-05-11T09:30:29.941467+00:00,199,500,CN108281616A,CN108281616A.pdf,success,,False,13253
2026-05-11T09:30:29.963280+00:00,200,500,CN106099114B,CN106099114B.pdf,success,,False,7242
2026-05-11T09:30:58.656918+00:00,201,500,CN102684240B,CN102684240B.pdf,success_ocr,,True,7012
2026-05-11T09:30:58.693794+00:00,202,500,CN120073112A,CN120073112A.pdf,success,,False,10839
2026-05-11T09:30:58.716706+00:00,203,500,CN107732318A,CN107732318A.pdf,success,,False,5811
2026-05-11T09:31:26.756627+00:00,204,500,CN106099073A,CN106099073A.pdf,success_ocr,,True,8320
2026-05-11T09:31:26.864571+00:00,205,500,CN118888687A,CN118888687A.pdf,success,,False,67267
2026-05-11T09:31:26.888018+00:00,206,500,CN115642306A,CN115642306A.pdf,success,,False,8904
2026-05-11T09:31:54.903580+00:00,207,500,CN102386392A,CN102386392A.pdf,success_ocr,,True,7261
2026-05-11T09:31:55.011918+00:00,208,500,CN118888687B,CN118888687B.pdf,success,,False,67882
2026-05-11T09:32:46.892154+00:00,209,500,CN101409338A,CN101409338A.pdf,success_ocr,,True,10279
2026-05-11T09:33:13.547678+00:00,210,500,CN102867984B,CN102867984B.pdf,success_ocr,,True,8104
2026-05-11T09:33:51.897634+00:00,211,500,CN102668185B,CN102668185B.pdf,success_ocr,,True,11375
2026-05-11T09:34:30.013058+00:00,212,500,CN102668185A,CN102668185A.pdf,success_ocr,,True,11139
2026-05-11T09:36:12.295827+00:00,213,500,CN112449732A,CN112449732A.pdf,success_ocr,,True,26870
2026-05-11T09:36:43.267357+00:00,214,500,CN107768595A,CN107768595A.pdf,success_ocr,,True,9094
2026-05-11T09:36:43.304758+00:00,215,500,CN112271328A,CN112271328A.pdf,success,,False,13302
2026-05-11T09:36:43.334888+00:00,216,500,CN112271328B,CN112271328B.pdf,success,,False,13556
2026-05-11T09:36:43.358919+00:00,217,500,CN113903885A,CN113903885A.pdf,success,,False,10141
2026-05-11T09:36:43.380797+00:00,218,500,CN113782729A,CN113782729A.pdf,success,,False,7203
2026-05-11T09:36:43.402238+00:00,219,500,CN207074690U,CN207074690U.pdf,success,,False,6049
2026-05-11T09:36:43.436164+00:00,220,500,CN114497776B,CN114497776B.pdf,success,,False,14783
2026-05-11T09:36:43.472555+00:00,221,500,CN114497777B,CN114497777B.pdf,success,,False,15442
2026-05-11T09:37:12.903543+00:00,222,500,CN103151473A,CN103151473A.pdf,success_ocr,,True,7562
2026-05-11T09:37:12.948048+00:00,223,500,CN111682272A,CN111682272A.pdf,success,,False,15590
2026-05-11T09:37:12.972781+00:00,224,500,CN111180800A,CN111180800A.pdf,success,,False,8483
2026-05-11T09:37:12.991387+00:00,225,500,CN111313115A,CN111313115A.pdf,success,,False,7050
2026-05-11T09:37:37.412784+00:00,226,500,CN107611447A,CN107611447A.pdf,success_ocr,,True,7945
2026-05-11T09:37:37.489471+00:00,227,500,CN109301192A,CN109301192A.pdf,success,,False,12792
2026-05-11T09:37:37.529940+00:00,228,500,CN110422889A,CN110422889A.pdf,success,,False,22290
2026-05-11T09:37:37.583450+00:00,229,500,CN110957544B,CN110957544B.pdf,success,,False,25774
2026-05-11T09:37:37.620572+00:00,230,500,CN115047354A,CN115047354A.pdf,success,,False,14493
2026-05-11T09:37:37.663675+00:00,231,500,CN110957544A,CN110957544A.pdf,success,,False,24971
2026-05-11T09:37:37.729753+00:00,232,500,CN108574102A,CN108574102A.pdf,success,,False,46826
2026-05-11T09:38:03.606860+00:00,233,500,CN102386392B,CN102386392B.pdf,success_ocr,,True,7394
2026-05-11T09:38:36.876371+00:00,234,500,CN102931378B,CN102931378B.pdf,success_ocr,,True,9508
2026-05-11T09:38:36.954868+00:00,235,500,CN108574101A,CN108574101A.pdf,success,,False,41152
2026-05-11T09:38:59.603280+00:00,236,500,CN204946961U,CN204946961U.pdf,success_ocr,,True,6264
2026-05-11T09:38:59.691088+00:00,237,500,CN108574102B,CN108574102B.pdf,success,,False,46926
2026-05-11T09:39:38.655085+00:00,238,500,CN101409337B,CN101409337B.pdf,success_ocr,,True,10591
2026-05-11T09:40:20.966763+00:00,239,500,CN101409337A,CN101409337A.pdf,success_ocr,,True,10313
2026-05-11T09:40:20.999115+00:00,240,500,CN110911743A,CN110911743A.pdf,success,,False,12214
2026-05-11T09:40:21.072569+00:00,241,500,CN115986339A,CN115986339A.pdf,success,,False,20713
2026-05-11T09:40:21.116323+00:00,242,500,CN115986339B,CN115986339B.pdf,success,,False,20794
2026-05-11T09:40:21.138845+00:00,243,500,CN115207479A,CN115207479A.pdf,success,,False,9208
2026-05-11T09:40:21.164356+00:00,244,500,CN121149428A,CN121149428A.pdf,success,,False,9095
2026-05-11T09:40:21.185917+00:00,245,500,CN109473718A,CN109473718A.pdf,success,,False,9215
2026-05-11T09:40:21.211950+00:00,246,500,CN112786963A,CN112786963A.pdf,success,,False,12497
2026-05-11T09:40:21.244972+00:00,247,500,CN121192373A,CN121192373A.pdf,success,,False,13430
2026-05-11T09:40:21.269508+00:00,248,500,CN109216768A,CN109216768A.pdf,success,,False,10859
2026-05-11T09:40:21.300104+00:00,249,500,CN114497777A,CN114497777A.pdf,success,,False,14753
2026-05-11T09:40:21.329435+00:00,250,500,CN114497776A,CN114497776A.pdf,success,,False,14175
2026-05-11T09:40:21.352278+00:00,251,500,CN109473718B,CN109473718B.pdf,success,,False,9696
2026-05-11T09:40:21.384181+00:00,252,500,CN115441058A,CN115441058A.pdf,success,,False,15409
2026-05-11T09:40:45.750957+00:00,253,500,CN105428721A,CN105428721A.pdf,success_ocr,,True,6669
2026-05-11T09:40:45.781360+00:00,254,500,CN115498355A,CN115498355A.pdf,success,,False,9413
2026-05-11T09:40:45.817866+00:00,255,500,CN112820934B,CN112820934B.pdf,success,,False,17090
2026-05-11T09:40:45.846116+00:00,256,500,CN111769287B,CN111769287B.pdf,success,,False,10812
2026-05-11T09:40:45.872907+00:00,257,500,CN115207479B,CN115207479B.pdf,success,,False,9292
2026-05-11T09:40:45.913428+00:00,258,500,CN110422889B,CN110422889B.pdf,success,,False,22631
2026-05-11T09:40:45.949028+00:00,259,500,CN112448039A,CN112448039A.pdf,success,,False,15157
2026-05-11T09:40:45.985379+00:00,260,500,CN115911559A,CN115911559A.pdf,success,,False,11178
2026-05-11T09:40:46.019585+00:00,261,500,CN117559041B,CN117559041B.pdf,success,,False,10818
2026-05-11T09:40:46.048864+00:00,262,500,CN112786963B,CN112786963B.pdf,success,,False,12126
2026-05-11T09:40:46.075433+00:00,263,500,CN112448039B,CN112448039B.pdf,success,,False,15376
2026-05-11T09:40:46.096064+00:00,264,500,CN111313115B,CN111313115B.pdf,success,,False,7133
2026-05-11T09:41:27.621996+00:00,265,500,CN105576192A,CN105576192A.pdf,success_ocr,,True,13712
2026-05-11T09:41:27.657613+00:00,266,500,CN109950531A,CN109950531A.pdf,success,,False,12827
2026-05-11T09:41:27.689589+00:00,267,500,CN109950531B,CN109950531B.pdf,success,,False,13288
2026-05-11T09:41:27.724150+00:00,268,500,CN110776021A,CN110776021A.pdf,success,,False,12795
2026-05-11T09:41:27.752392+00:00,269,500,CN110776021B,CN110776021B.pdf,success,,False,12937
2026-05-11T09:41:27.783561+00:00,270,500,CN110600710B,CN110600710B.pdf,success,,False,14003
2026-05-11T09:41:27.814453+00:00,271,500,CN109346656B,CN109346656B.pdf,success,,False,15026
2026-05-11T09:41:58.271153+00:00,272,500,CN104282883B,CN104282883B.pdf,success_ocr,,True,8182
2026-05-11T09:41:58.318845+00:00,273,500,CN114361715B,CN114361715B.pdf,success,,False,10479
2026-05-11T09:41:58.348950+00:00,274,500,CN113764762A,CN113764762A.pdf,success,,False,15179
2026-05-11T09:41:58.370439+00:00,275,500,CN110336087A,CN110336087A.pdf,success,,False,6931
2026-05-11T09:41:58.461355+00:00,276,500,CN118888688A,CN118888688A.pdf,success,,False,67144
2026-05-11T09:41:58.514984+00:00,277,500,CN119227512A,CN119227512A.pdf,success,,False,22052
2026-05-11T09:41:58.555938+00:00,278,500,CN121878486A,CN121878486A.pdf,success,,False,21640
2026-05-11T09:41:58.587131+00:00,279,500,CN112820934A,CN112820934A.pdf,success,,False,16676
2026-05-11T09:41:58.679550+00:00,280,500,CN118888688B,CN118888688B.pdf,success,,False,67802
2026-05-11T09:41:58.734022+00:00,281,500,CN111769287A,CN111769287A.pdf,success,,False,10643
2026-05-11T09:41:58.768040+00:00,282,500,CN112940650A,CN112940650A.pdf,success,,False,16813
2026-05-11T09:42:22.303088+00:00,283,500,CN102082273A,CN102082273A.pdf,success_ocr,,True,7126
2026-05-11T09:42:47.031175+00:00,284,500,CN102082273B,CN102082273B.pdf,success_ocr,,True,7611
2026-05-11T09:42:47.069245+00:00,285,500,CN117247005A,CN117247005A.pdf,success,,False,12081
2026-05-11T09:42:47.103515+00:00,286,500,CN117247005B,CN117247005B.pdf,success,,False,12167
2026-05-11T09:42:47.126141+00:00,287,500,CN116914876A,CN116914876A.pdf,success,,False,9165
2026-05-11T09:42:47.167924+00:00,288,500,CN120127225A,CN120127225A.pdf,success,,False,17302
2026-05-11T09:42:47.195641+00:00,289,500,CN113690402A,CN113690402A.pdf,success,,False,6406
2026-05-11T09:42:47.218222+00:00,290,500,CN113690402B,CN113690402B.pdf,success,,False,6554
2026-05-11T09:42:47.241414+00:00,291,500,CN108511684A,CN108511684A.pdf,success,,False,8932
2026-05-11T09:42:47.272053+00:00,292,500,CN110600710A,CN110600710A.pdf,success,,False,13513
2026-05-11T09:42:47.303617+00:00,293,500,CN113054162A,CN113054162A.pdf,success,,False,15095
2026-05-11T09:42:47.329957+00:00,294,500,CN217955933U,CN217955933U.pdf,success,,False,12854
2026-05-11T09:42:47.353072+00:00,295,500,CN113130999B,CN113130999B.pdf,success,,False,8262
2026-05-11T09:42:47.390091+00:00,296,500,CN119330911B,CN119330911B.pdf,success,,False,14450
2026-05-11T09:42:47.408102+00:00,297,500,CN108574124A,CN108574124A.pdf,success,,False,6098
2026-05-11T09:42:47.445536+00:00,298,500,CN111052459A,CN111052459A.pdf,success,,False,23740
2026-05-11T09:42:47.466029+00:00,299,500,CN105428721B,CN105428721B.pdf,success,,False,6956
2026-05-11T09:42:47.495172+00:00,300,500,CN114122385A,CN114122385A.pdf,success,,False,15034
2026-05-11T09:42:47.528644+00:00,301,500,CN114122385B,CN114122385B.pdf,success,,False,15312
2026-05-11T09:42:47.571926+00:00,302,500,CN120674443A,CN120674443A.pdf,success,,False,16607
2026-05-11T09:42:47.618648+00:00,303,500,CN120674443B,CN120674443B.pdf,success,,False,17037
2026-05-11T09:42:47.638901+00:00,304,500,CN109216768B,CN109216768B.pdf,success,,False,10119
2026-05-11T09:42:47.658550+00:00,305,500,CN206820070U,CN206820070U.pdf,success,,False,6643
2026-05-11T09:42:47.686686+00:00,306,500,CN111354980A,CN111354980A.pdf,success,,False,12576
2026-05-11T09:42:47.713598+00:00,307,500,CN115692623A,CN115692623A.pdf,success,,False,12867
2026-05-11T09:42:47.746132+00:00,308,500,CN110422890A,CN110422890A.pdf,success,,False,14080
2026-05-11T09:42:47.769852+00:00,309,500,CN116259711A,CN116259711A.pdf,success,,False,10888
2026-05-11T09:42:47.793136+00:00,310,500,CN118610382A,CN118610382A.pdf,success,,False,10170
2026-05-11T09:42:47.834710+00:00,311,500,CN120432663A,CN120432663A.pdf,success,,False,18740
2026-05-11T09:42:47.873123+00:00,312,500,CN120432663B,CN120432663B.pdf,success,,False,19092
2026-05-11T09:43:35.591355+00:00,313,500,CN106898749A,CN106898749A.pdf,success_ocr,,True,13699
2026-05-11T09:43:35.619145+00:00,314,500,CN107565096A,CN107565096A.pdf,success,,False,8286
2026-05-11T09:43:35.652533+00:00,315,500,CN109244418A,CN109244418A.pdf,success,,False,14228
2026-05-11T09:43:35.675712+00:00,316,500,CN109768218A,CN109768218A.pdf,success,,False,7455
2026-05-11T09:43:35.699004+00:00,317,500,CN109888181A,CN109888181A.pdf,success,,False,7786
2026-05-11T09:43:35.726017+00:00,318,500,CN120376878A,CN120376878A.pdf,success,,False,6657
2026-05-11T09:43:35.759991+00:00,319,500,CN119330911A,CN119330911A.pdf,success,,False,14069
2026-05-11T09:43:35.783321+00:00,320,500,CN210778776U,CN210778776U.pdf,success,,False,9973
2026-05-11T09:44:14.286930+00:00,321,500,CN106910854A,CN106910854A.pdf,success_ocr,,True,11957
2026-05-11T09:44:14.321414+00:00,322,500,CN118367248A,CN118367248A.pdf,success,,False,9207
2026-05-11T09:44:14.345783+00:00,323,500,CN119994211A,CN119994211A.pdf,success,,False,5216
2026-05-11T09:44:45.359129+00:00,324,500,CN103151473B,CN103151473B.pdf,success_ocr,,True,7577
2026-05-11T09:44:45.390240+00:00,325,500,CN113130999A,CN113130999A.pdf,success,,False,7891
2026-05-11T09:44:45.482446+00:00,326,500,CN115832241B,CN115832241B.pdf,success,,False,38945
2026-05-11T09:45:37.387697+00:00,327,500,CN103904290B,CN103904290B.pdf,success_ocr,,True,14802
2026-05-11T09:46:30.456164+00:00,328,500,CN103904290A,CN103904290A.pdf,success_ocr,,True,14293
2026-05-11T09:46:30.516671+00:00,329,500,CN110783570A,CN110783570A.pdf,success,,False,34507
2026-05-11T09:46:30.535418+00:00,330,500,CN215771209U,CN215771209U.pdf,success,,False,4685
2026-05-11T09:46:30.563393+00:00,331,500,CN117013068A,CN117013068A.pdf,success,,False,8912
2026-05-11T09:46:59.268514+00:00,332,500,CN103151569A,CN103151569A.pdf,success_ocr,,True,8902
2026-05-11T09:47:31.880344+00:00,333,500,CN103151569B,CN103151569B.pdf,success_ocr,,True,9181
2026-05-11T09:47:31.909171+00:00,334,500,CN111509298B,CN111509298B.pdf,success,,False,10640
2026-05-11T09:47:31.939177+00:00,335,500,CN109411841A,CN109411841A.pdf,success,,False,10446
2026-05-11T09:47:31.964620+00:00,336,500,CN209200105U,CN209200105U.pdf,success,,False,10504
2026-05-11T09:47:32.000488+00:00,337,500,CN214313296U,CN214313296U.pdf,success,,False,15668
2026-05-11T09:47:32.025841+00:00,338,500,CN116154310A,CN116154310A.pdf,success,,False,10506
2026-05-11T09:47:32.050156+00:00,339,500,CN111354980B,CN111354980B.pdf,success,,False,12720
2026-05-11T09:47:32.083571+00:00,340,500,CN121307263A,CN121307263A.pdf,success,,False,13587
2026-05-11T09:48:05.859970+00:00,341,500,CN103117370A,CN103117370A.pdf,success_ocr,,True,7904
2026-05-11T09:48:05.894527+00:00,342,500,CN116487704A,CN116487704A.pdf,success,,False,11263
2026-05-11T09:48:05.924397+00:00,343,500,CN117895184A,CN117895184A.pdf,success,,False,9305
2026-05-11T09:48:05.956652+00:00,344,500,CN116632353A,CN116632353A.pdf,success,,False,11603
2026-05-11T09:48:05.986492+00:00,345,500,CN118610579A,CN118610579A.pdf,success,,False,8254
2026-05-11T09:48:06.043527+00:00,346,500,CN108666499A,CN108666499A.pdf,success,,False,39201
2026-05-11T09:48:06.064837+00:00,347,500,CN112421118A,CN112421118A.pdf,success,,False,8488
2026-05-11T09:49:02.107613+00:00,348,500,CN103022478A,CN103022478A.pdf,success_ocr,,True,15381
2026-05-11T09:49:02.131596+00:00,349,500,CN112713323A,CN112713323A.pdf,success,,False,8314
2026-05-11T09:49:02.166748+00:00,350,500,CN116632353B,CN116632353B.pdf,success,,False,12145
2026-05-11T09:49:02.236510+00:00,351,500,CN110521032A,CN110521032A.pdf,success,,False,48458
2026-05-11T09:49:02.258269+00:00,352,500,CN108539156A,CN108539156A.pdf,success,,False,9136
2026-05-11T09:49:28.218527+00:00,353,500,CN1780031A,CN1780031A.pdf,success_ocr,,True,6420
2026-05-11T09:49:28.262084+00:00,354,500,CN105552344B,CN105552344B.pdf,success,,False,18611
2026-05-11T09:50:24.790732+00:00,355,500,CN202695647U,CN202695647U.pdf,success_ocr,,True,15486
2026-05-11T09:51:28.888244+00:00,356,500,CN102751542B,CN102751542B.pdf,success_ocr,,True,15770
2026-05-11T09:51:28.926413+00:00,357,500,CN112352333A,CN112352333A.pdf,success,,False,10548
2026-05-11T09:51:28.957272+00:00,358,500,CN109004159A,CN109004159A.pdf,success,,False,12157
2026-05-11T09:51:28.977679+00:00,359,500,CN108172919A,CN108172919A.pdf,success,,False,8471
2026-05-11T09:51:28.996294+00:00,360,500,CN111384456A,CN111384456A.pdf,success,,False,6574
2026-05-11T09:51:29.025608+00:00,361,500,CN120961402A,CN120961402A.pdf,success,,False,9153
2026-05-11T09:51:29.050853+00:00,362,500,CN114039094A,CN114039094A.pdf,success,,False,11659
2026-05-11T09:51:29.086007+00:00,363,500,CN114639874A,CN114639874A.pdf,success,,False,12809
2026-05-11T09:52:35.318065+00:00,364,500,CN103904291A,CN103904291A.pdf,success_ocr,,True,17854
2026-05-11T09:52:35.349910+00:00,365,500,CN119899365A,CN119899365A.pdf,success,,False,6431
2026-05-11T09:53:36.092200+00:00,366,500,CN104966848A,CN104966848A.pdf,success_ocr,,True,17060
2026-05-11T09:53:36.150665+00:00,367,500,CN121642093A,CN121642093A.pdf,success,,False,24986
2026-05-11T09:54:03.925750+00:00,368,500,CN206060241U,CN206060241U.pdf,success_ocr,,True,8385
2026-05-11T09:54:52.497480+00:00,369,500,CN101640270A,CN101640270A.pdf,success_ocr,,True,11115
2026-05-11T09:54:52.531504+00:00,370,500,CN114242978A,CN114242978A.pdf,success,,False,14318
2026-05-11T09:55:53.059035+00:00,371,500,CN105845909A,CN105845909A.pdf,success_ocr,,True,19219
2026-05-11T09:56:37.176759+00:00,372,500,CN206060242U,CN206060242U.pdf,success_ocr,,True,12016
2026-05-11T09:57:32.999219+00:00,373,500,CN102569723A,CN102569723A.pdf,success_ocr,,True,15341
2026-05-11T09:57:33.040407+00:00,374,500,CN113261132A,CN113261132A.pdf,success,,False,14616
2026-05-11T09:58:33.095218+00:00,375,500,CN103904291B,CN103904291B.pdf,success_ocr,,True,18175
2026-05-11T09:58:33.169070+00:00,376,500,CN110521032B,CN110521032B.pdf,success,,False,48666
2026-05-11T09:58:33.208777+00:00,377,500,CN119315211A,CN119315211A.pdf,success,,False,12972
2026-05-11T09:58:33.225997+00:00,378,500,CN208256763U,CN208256763U.pdf,success,,False,4548
2026-05-11T09:58:33.245355+00:00,379,500,CN108206278A,CN108206278A.pdf,success,,False,8018
2026-05-11T09:59:41.984164+00:00,380,500,CN105895875A,CN105895875A.pdf,success_ocr,,True,22226
2026-05-11T09:59:42.018852+00:00,381,500,CN108539121A,CN108539121A.pdf,success,,False,8736
2026-05-11T09:59:42.054568+00:00,382,500,CN119890247A,CN119890247A.pdf,success,,False,10625
2026-05-11T09:59:42.077538+00:00,383,500,CN106099073B,CN106099073B.pdf,success,,False,8216
2026-05-11T10:00:42.236272+00:00,384,500,CN103022478B,CN103022478B.pdf,success_ocr,,True,15393
2026-05-11T10:01:43.763031+00:00,385,500,CN102751542A,CN102751542A.pdf,success_ocr,,True,14843
2026-05-11T10:02:13.747635+00:00,386,500,CN106025283A,CN106025283A.pdf,success_ocr,,True,9853
2026-05-11T10:03:13.655113+00:00,387,500,CN105958016A,CN105958016A.pdf,success_ocr,,True,19286
2026-05-11T10:03:55.590933+00:00,388,500,CN105789572B,CN105789572B.pdf,success_ocr,,True,13156
2026-05-11T10:04:41.307099+00:00,389,500,CN105789572A,CN105789572A.pdf,success_ocr,,True,13271
2026-05-11T10:04:41.351607+00:00,390,500,CN118472570A,CN118472570A.pdf,success,,False,7178
2026-05-11T10:04:41.374669+00:00,391,500,CN213636178U,CN213636178U.pdf,success,,False,8220
2026-05-11T10:05:23.026256+00:00,392,500,CN105322227A,CN105322227A.pdf,success_ocr,,True,11806
2026-05-11T10:05:23.059995+00:00,393,500,CN212434721U,CN212434721U.pdf,success,,False,10561
2026-05-11T10:05:23.093775+00:00,394,500,CN115692623B,CN115692623B.pdf,success,,False,13015
2026-05-11T10:05:23.121785+00:00,395,500,CN119447471A,CN119447471A.pdf,success,,False,7890
2026-05-11T10:05:23.159999+00:00,396,500,CN105895875B,CN105895875B.pdf,success,,False,21852
2026-05-11T10:05:23.202424+00:00,397,500,CN120015936A,CN120015936A.pdf,success,,False,15496
2026-05-11T10:05:23.225979+00:00,398,500,CN111509298A,CN111509298A.pdf,success,,False,10432
2026-05-11T10:06:06.415323+00:00,399,500,CN105789562A,CN105789562A.pdf,success_ocr,,True,12604
2026-05-11T10:06:53.512471+00:00,400,500,CN105789573A,CN105789573A.pdf,success_ocr,,True,14118
2026-05-11T10:07:36.860347+00:00,401,500,CN105789573B,CN105789573B.pdf,success_ocr,,True,13707
2026-05-11T10:07:54.742479+00:00,402,500,CN104425816A,CN104425816A.pdf,success_ocr,,True,6005
2026-05-11T10:07:54.771587+00:00,403,500,CN109560237A,CN109560237A.pdf,success,,False,7048
2026-05-11T10:07:54.799777+00:00,404,500,CN117039324A,CN117039324A.pdf,success,,False,9950
2026-05-11T10:07:54.824745+00:00,405,500,CN113097479A,CN113097479A.pdf,success,,False,9792
2026-05-11T10:07:54.857331+00:00,406,500,CN113097479B,CN113097479B.pdf,success,,False,10101
2026-05-11T10:07:54.902694+00:00,407,500,CN118630173A,CN118630173A.pdf,success,,False,14729
2026-05-11T10:07:54.936077+00:00,408,500,CN105845909B,CN105845909B.pdf,success,,False,18014
2026-05-11T10:07:54.967724+00:00,409,500,CN119481383A,CN119481383A.pdf,success,,False,15134
2026-05-11T10:07:54.989050+00:00,410,500,CN108461850A,CN108461850A.pdf,success,,False,7699
2026-05-11T10:07:55.028154+00:00,411,500,CN114883648B,CN114883648B.pdf,success,,False,16064
2026-05-11T10:07:55.055641+00:00,412,500,CN113871712B,CN113871712B.pdf,success,,False,9951
2026-05-11T10:08:20.544287+00:00,413,500,CN106876792A,CN106876792A.pdf,success_ocr,,True,6865
2026-05-11T10:08:20.594510+00:00,414,500,CN118221075A,CN118221075A.pdf,success,,False,20856
2026-05-11T10:08:20.640194+00:00,415,500,CN107431185B,CN107431185B.pdf,success,,False,26682
2026-05-11T10:08:20.771036+00:00,416,500,CN114641875A,CN114641875A.pdf,success,,False,77636
2026-05-11T10:08:20.803168+00:00,417,500,CN115911534A,CN115911534A.pdf,success,,False,7185
2026-05-11T10:08:20.857687+00:00,418,500,CN114267836A,CN114267836A.pdf,success,,False,33445
2026-05-11T10:08:20.888343+00:00,419,500,CN116995295A,CN116995295A.pdf,success,,False,8366
2026-05-11T10:08:52.012577+00:00,420,500,CN204167420U,CN204167420U.pdf,success_ocr,,True,8043
2026-05-11T10:08:52.071084+00:00,421,500,CN117673262A,CN117673262A.pdf,success,,False,13072
2026-05-11T10:08:52.104023+00:00,422,500,CN120109145A,CN120109145A.pdf,success,,False,14509
2026-05-11T10:08:52.125286+00:00,423,500,CN213304223U,CN213304223U.pdf,success,,False,7057
2026-05-11T10:09:33.878456+00:00,424,500,CN105336990A,CN105336990A.pdf,success_ocr,,True,11099
2026-05-11T10:09:33.914058+00:00,425,500,CN118398904A,CN118398904A.pdf,success,,False,7358
2026-05-11T10:09:33.947422+00:00,426,500,CN106025283B,CN106025283B.pdf,success,,False,10058
2026-05-11T10:12:29.946108+00:00,427,500,CN102618097B,CN102618097B.pdf,success_ocr,,True,19617
2026-05-11T10:14:02.909509+00:00,428,500,CN102618097A,CN102618097A.pdf,success_ocr,,True,18993
2026-05-11T10:14:02.958996+00:00,429,500,CN119069809A,CN119069809A.pdf,success,,False,9732
2026-05-11T10:14:03.006564+00:00,430,500,CN118221075B,CN118221075B.pdf,success,,False,20987
2026-05-11T10:14:33.328980+00:00,431,500,CN206164117U,CN206164117U.pdf,success_ocr,,True,8168
2026-05-11T10:14:33.353396+00:00,432,500,CN112490524A,CN112490524A.pdf,success,,False,5971
2026-05-11T10:15:41.628736+00:00,433,500,CN106415897A,CN106415897A.pdf,success_ocr,,True,17498
2026-05-11T10:15:41.681560+00:00,434,500,CN106415897B,CN106415897B.pdf,success,,False,18485
2026-05-11T10:15:41.719927+00:00,435,500,CN111755689A,CN111755689A.pdf,success,,False,17708
2026-05-11T10:15:41.739122+00:00,436,500,CN207517775U,CN207517775U.pdf,success,,False,6538
2026-05-11T10:15:41.766397+00:00,437,500,CN113871712A,CN113871712A.pdf,success,,False,9919
2026-05-11T10:15:41.788167+00:00,438,500,CN112750981B,CN112750981B.pdf,success,,False,10638
2026-05-11T10:15:41.817348+00:00,439,500,CN116154290A,CN116154290A.pdf,success,,False,10955
2026-05-11T10:15:41.837328+00:00,440,500,CN219801086U,CN219801086U.pdf,success,,False,8490
2026-05-11T10:15:41.871441+00:00,441,500,CN117630685A,CN117630685A.pdf,success,,False,9249
2026-05-11T10:15:41.901790+00:00,442,500,CN110471001A,CN110471001A.pdf,success,,False,15264
2026-05-11T10:15:41.928409+00:00,443,500,CN109860489A,CN109860489A.pdf,success,,False,13995
2026-05-11T10:15:41.990985+00:00,444,500,CN115832241A,CN115832241A.pdf,success,,False,36640
2026-05-11T10:16:09.108434+00:00,445,500,CN102738456A,CN102738456A.pdf,success_ocr,,True,7761
2026-05-11T10:16:09.141061+00:00,446,500,CN109994773A,CN109994773A.pdf,success,,False,9271
2026-05-11T10:16:09.163398+00:00,447,500,CN115561647A,CN115561647A.pdf,success,,False,7747
2026-05-11T10:16:09.209712+00:00,448,500,CN107431185A,CN107431185A.pdf,success,,False,26111
2026-05-11T10:16:26.045559+00:00,449,500,CN106601987A,CN106601987A.pdf,success_ocr,,True,4355
2026-05-11T10:16:26.074537+00:00,450,500,CN108767310A,CN108767310A.pdf,success,,False,9207
2026-05-11T10:16:26.118060+00:00,451,500,CN116936750A,CN116936750A.pdf,success,,False,16556
2026-05-11T10:16:26.147643+00:00,452,500,CN119581478A,CN119581478A.pdf,success,,False,12959
2026-05-11T10:16:26.173177+00:00,453,500,CN115172882A,CN115172882A.pdf,success,,False,9472
2026-05-11T10:16:26.196705+00:00,454,500,CN109659492A,CN109659492A.pdf,success,,False,9986
2026-05-11T10:16:26.235878+00:00,455,500,CN118899405A,CN118899405A.pdf,success,,False,18358
2026-05-11T10:16:26.270465+00:00,456,500,CN119725734A,CN119725734A.pdf,success,,False,14161
2026-05-11T10:16:26.305569+00:00,457,500,CN119725734B,CN119725734B.pdf,success,,False,14312
2026-05-11T10:17:26.661989+00:00,458,500,CN103187590A,CN103187590A.pdf,success_ocr,,True,16634
2026-05-11T10:17:26.702034+00:00,459,500,CN120690922A,CN120690922A.pdf,success,,False,11616
2026-05-11T10:17:26.752748+00:00,460,500,CN119463757A,CN119463757A.pdf,success,,False,27898
2026-05-11T10:17:26.789262+00:00,461,500,CN115189021A,CN115189021A.pdf,success,,False,13499
2026-05-11T10:17:26.823385+00:00,462,500,CN110471001B,CN110471001B.pdf,success,,False,15681
2026-05-11T10:17:26.848599+00:00,463,500,CN113140796B,CN113140796B.pdf,success,,False,8657
2026-05-11T10:17:26.884952+00:00,464,500,CN104157812B,CN104157812B.pdf,success,,False,15868
2026-05-11T10:17:26.919490+00:00,465,500,CN120199902A,CN120199902A.pdf,success,,False,9919
2026-05-11T10:17:26.941650+00:00,466,500,CN113675468A,CN113675468A.pdf,success,,False,7243
2026-05-11T10:17:26.964807+00:00,467,500,CN115425291A,CN115425291A.pdf,success,,False,9671
2026-05-11T10:18:20.427543+00:00,468,500,CN103187590B,CN103187590B.pdf,success_ocr,,True,16503
2026-05-11T10:18:20.533765+00:00,469,500,CN109661737A,CN109661737A.pdf,success,,False,67715
2026-05-11T10:18:20.567225+00:00,470,500,CN116565171A,CN116565171A.pdf,success,,False,17626
2026-05-11T10:18:47.605239+00:00,471,500,CN105720233A,CN105720233A.pdf,success_ocr,,True,8426
2026-05-11T10:18:47.641637+00:00,472,500,CN105720233B,CN105720233B.pdf,success,,False,9281
2026-05-11T10:18:47.661906+00:00,473,500,CN217522187U,CN217522187U.pdf,success,,False,4782
2026-05-11T10:18:47.716895+00:00,474,500,CN113130997B,CN113130997B.pdf,success,,False,23752
2026-05-11T10:18:47.747062+00:00,475,500,CN117638270A,CN117638270A.pdf,success,,False,11891
2026-05-11T10:18:47.761587+00:00,476,500,CN106601987B,CN106601987B.pdf,success,,False,4808
2026-05-11T10:18:47.784499+00:00,477,500,CN114014377A,CN114014377A.pdf,success,,False,10293
2026-05-11T10:18:47.810172+00:00,478,500,CN115000510A,CN115000510A.pdf,success,,False,11322
2026-05-11T10:18:47.833323+00:00,479,500,CN114014377B,CN114014377B.pdf,success,,False,10462
2026-05-11T10:19:09.531288+00:00,480,500,CN206059574U,CN206059574U.pdf,success_ocr,,True,6156
2026-05-11T10:19:09.612901+00:00,481,500,CN114566707A,CN114566707A.pdf,success,,False,8829
2026-05-11T10:19:48.600812+00:00,482,500,CN105680098A,CN105680098A.pdf,success_ocr,,True,9983
2026-05-11T10:19:48.714831+00:00,483,500,CN109661737B,CN109661737B.pdf,success,,False,69951
2026-05-11T10:20:40.701935+00:00,484,500,CN107369835A,CN107369835A.pdf,success_ocr,,True,13950
2026-05-11T10:21:18.552321+00:00,485,500,CN108110319A,CN108110319A.pdf,success_ocr,,True,10983
2026-05-11T10:22:01.667326+00:00,486,500,CN101640270B,CN101640270B.pdf,success_ocr,,True,11525
2026-05-11T10:22:30.547396+00:00,487,500,CN102782910A,CN102782910A.pdf,success_ocr,,True,8184
2026-05-11T10:23:18.617010+00:00,488,500,CN106558664A,CN106558664A.pdf,success_ocr,,True,14399
2026-05-11T10:23:18.696676+00:00,489,500,CN112094372A,CN112094372A.pdf,success,,False,43652
2026-05-11T10:23:53.355715+00:00,490,500,CN102208633A,CN102208633A.pdf,success_ocr,,True,10585
2026-05-11T10:24:32.844979+00:00,491,500,CN102769149A,CN102769149A.pdf,success_ocr,,True,10796
2026-05-11T10:24:32.886065+00:00,492,500,CN109244529A,CN109244529A.pdf,success,,False,12354
2026-05-11T10:24:32.922531+00:00,493,500,CN115308609B,CN115308609B.pdf,success,,False,10034
2026-05-11T10:24:32.949606+00:00,494,500,CN116598716A,CN116598716A.pdf,success,,False,13157
2026-05-11T10:24:59.539596+00:00,495,500,CN106159201A,CN106159201A.pdf,success_ocr,,True,7722
2026-05-11T10:24:59.566939+00:00,496,500,CN106848404B,CN106848404B.pdf,success,,False,9324
2026-05-11T10:24:59.604322+00:00,497,500,CN111129441A,CN111129441A.pdf,success,,False,17110
2026-05-11T10:25:26.784362+00:00,498,500,CN102754256B,CN102754256B.pdf,success_ocr,,True,8405
2026-05-11T10:25:52.371070+00:00,499,500,CN102754256A,CN102754256A.pdf,success_ocr,,True,8356
2026-05-11T10:25:52.413248+00:00,500,500,CN112750981A,CN112750981A.pdf,success,,False,10196
